user_id,username,password,email
1,wgoldhawk0,yD7\a5OR_+\HDj,fmcquilliam0@de.vu
2,cmelbury1,rK9$*\YK,bduckerin1@sun.com
3,gmaccaig2,wV6%b('1M,wsuggett2@sphinn.com
4,vjiroutek3,"iV0*V!L2}O,5C",slisamore3@blinklist.com
5,gcapponeer4,bV8}0aGK3JLGY"WH,mgrigson4@icq.com
6,mjillions5,zH2=Hnzn_<,shaselup5@elpais.com
7,obienvenu6,vP0<+VH6pk>0,jbrockington6@globo.com
8,mdellcasa7,cE8"gm1\8iyw>J,lgovey7@cnet.com
9,lalvy8,mR0*3errr4L+dU8,bmargerrison8@creativecommons.org
10,egundrey9,sH6{HpO<##)Y6(#|,brobecon9@bbb.org
11,ovanna,gQ7!|)c/M,cantonionia@dell.com
12,bhachetteb,uV0*8?w*fWypd,rbroodb@tinypic.com
13,mthornec,cI3+pU/(~6c/0Z,bleechmanc@google.it
14,lmoatd,vI0}Awbh3,arushmered@shop-pro.jp
15,awontnere,"nW7`y+,q&m",fplumleye@weibo.com
16,sthirlawayf,rI5'W&e*,cheapsf@state.tx.us
17,hcurraog,lF8.RehBw'?6u>(,sreglerg@lycos.com
18,rallabartonh,yW2'gNV%/VB!,ttomaszekh@hugedomains.com
19,iliptroti,kE9.T4$d,wmcgaffeyi@home.pl
20,apaviej,zA6#(oeX3C9<&//V,ashawdforthj@engadget.com
21,tmertonk,"jR8}~~_?}sOo,~d{",epinkiek@posterous.com
22,srultonl,jF3`Nn<"EW<xlLNz,ssperal@jiathis.com
23,ccritchm,fQ7<ayw\anwq&4p,gbutchartm@simplemachines.org
24,tkeysalln,vE9<I)Vg%s,ljouln@psu.edu
25,bskeeteo,gT2>(9}N,lpisero@nba.com
26,cjillittp,qF6)@v0H,cbothwellp@t.co
27,bbulluckq,dJ6@Dr=Q=*RdIy*.,byanukhinq@rediff.com
28,djehur,tL0|es@PIo,gstoeckr@un.org
29,glegates,xY0|9(n_a9U,stunns@linkedin.com
30,cbellingert,kH3_P'e!(,editchfieldt@friendfeed.com
31,spickerinu,dN6_cdT!a,fmccullocku@fotki.com
32,rvictoriav,jW9\rD8tad,kawinv@umn.edu
33,rhuffeyw,wI5}DUTYK,rkeseyw@jugem.jp
34,vsemeniukx,aG5/N0_ep<,gspeedinx@java.com
35,sbleuey,kX3//%Zq#!AsT#0,vloadwicky@tamu.edu
36,ctipplerz,nV5/Q'MiHW,ejosefowiczz@msn.com
37,skaas10,wV4/"r6L,ldeakan10@unicef.org
38,ejozwiak11,uM8&~.S9a#NkNn4,npetr11@istockphoto.com
39,mkasman12,kS9?=sQ#@0Kc(Y8,csager12@economist.com
40,dprestie13,uW0}yU@+k'|MT$,fbrokenshire13@so-net.ne.jp
41,dmixon14,qQ6/eIR<s''1?e@,rbaldin14@nifty.com
42,jmccomb15,gN8|LK7"7+YVdD#R,lkilligrew15@prweb.com
43,lsmiths16,xD4>+1B?wcRp=,kcobelli16@goo.gl
44,pborzoni17,rC9<HgXK$(,rgother17@last.fm
45,bmilbourn18,eX6`Xa`X0nC,ldrabble18@oracle.com
46,tmcallan19,"pU8,>80#RUB",gmolan19@aol.com
47,bbamb1a,pA0}{i)s,mqualtro1a@live.com
48,ycarriage1b,kH3`%3/iqxzSg11,kloade1b@google.it
49,ablinder1c,wV6)|sZMR/`thI,spryn1c@census.gov
50,bparcall1d,cE6&OX2tF.%k1,hthreadgill1d@tuttocitta.it
51,gsurtees1e,fM2&Qv0s,jisacoff1e@mysql.com
52,mdash1f,nB7|~.sAu,kkeppie1f@devhub.com
53,jcottom1g,"wT0>s+ge,RL>FdG",cedwardes1g@nationalgeographic.com
54,gknoller1h,aD1<SiFB,lhexham1h@miitbeian.gov.cn
55,omenure1i,uW4~XN>j+OiA,sgilgryst1i@nationalgeographic.com
56,pjeannaud1j,cB0"GuoX,spaddick1j@time.com
57,javard1k,fW0{AuOj4}f3,etocher1k@berkeley.edu
58,rkeyzman1l,kW2@Qr~lB,laugustus1l@nba.com
59,kpavek1m,wN9*vrCi,ssibthorp1m@webeden.co.uk
60,lkumaar1n,qY0`%%A=>42<wiu,dspelman1n@wisc.edu
61,lmalcher1o,dJ7{uquH",ytrowler1o@yahoo.com
62,llieber1p,xD7*c}<{qiiw,bvivians1p@ask.com
63,nturban1q,fN6*!<Rq23,jcardillo1q@marketwatch.com
64,sdurek1r,"vK1,vRGO$",klovitt1r@geocities.jp
65,rroisen1s,rH6\m{~U2nFfsU,jdunklee1s@netlog.com
66,bveitch1t,dR9?bBAXpI|~R(,kbaskeyfield1t@nasa.gov
67,fhugueville1u,kB5)gM\!vuV,vwinspear1u@posterous.com
68,tpinchen1v,hW1\J|g/s!p'>S9+,ncrotty1v@intel.com
69,htucsell1w,zW9!SDP'w,mclaiton1w@bloglovin.com
70,mlindborg1x,bR2*=VfA+,bewles1x@amazon.com
71,jsaiz1y,jY0|$926TYp,blaville1y@cbslocal.com
72,ksavins1z,"uW7.,>Yacw!|7Tf",ebresnen1z@bbc.co.uk
73,lsmallman20,oF0&S)8jW@,rfritzer20@ftc.gov
74,nangelini21,iQ8'Hums6#,dholdworth21@themeforest.net
75,bwapples22,lO2*j1.E~,sditchburn22@census.gov
76,biacovini23,sO9?D#nv$Hv,amalyon23@creativecommons.org
77,casson24,kC7\NiFj/IkI3<,dgrumbridge24@bigcartel.com
78,rsummons25,kI6.Fi!J`,pscarlan25@theguardian.com
79,rcarrabott26,bU8@F21vQvBA,smcgoldrick26@1und1.de
80,kbullick27,vD9#1|S)Mo,mbadini27@virginia.edu
81,mwills28,yS9<eNBH%sU|r,gfutter28@usa.gov
82,jcrisell29,kL2?H=0zq,ajakubski29@reverbnation.com
83,hnevinson2a,nA8#X'({QqUy@,hducroe2a@dot.gov
84,vdaybell2b,hH3@_6n?0,jlakes2b@sbwire.com
85,jatteridge2c,eS5\d"($bA6,tallender2c@wikimedia.org
86,tloffill2d,wR2{q0_B9bkVOk3,vnaile2d@posterous.com
87,wlelliott2e,aZ1=Xl"}~cmInQ,mmccarrick2e@qq.com
88,abromidge2f,fA9=Acsrkyz}R{B4,epeggram2f@europa.eu
89,bbrandel2g,jD2(/vDI,cwaren2g@1und1.de
90,nlouche2h,uA4"CSq8gzf,cgercke2h@blogtalkradio.com
91,dheninghem2i,oG3?e3KD`\c,dcaldecot2i@ihg.com
92,mferneyhough2j,hJ3)#S(T}Hc,sixer2j@reddit.com
93,lcelle2k,aP1|E_vvC?,lalexandersen2k@google.com.au
94,bbernon2l,uV1$MeUz&'{rx<2,kpadmore2l@pen.io
95,obaldam2m,oW7$0vRv=lQo\G,pcarvil2m@virginia.edu
96,gnelson2n,rJ4*j=UcAYn'Rb,ltuftin2n@nhs.uk
97,lwildish2o,qN2#<s*9,cdowers2o@salon.com
98,ltuxill2p,xK7/Vndz(s3cDc,asneller2p@japanpost.jp
99,kcockings2q,iJ9&fs+b`Jsb,fpayley2q@google.ca
100,wpantin2r,oL2?fJ&kXoFrs,akenwyn2r@lycos.com
101,ekezor2s,"vX8!lB,TmCRGc)&s",dholyard2s@cdbaby.com
102,bzmitrichenko2t,yB9$1+`Q+~FJvnlj,bshales2t@craigslist.org
103,bgoodger2u,pA3`|cxx,rflockhart2u@uol.com.br
104,ahache2v,"xW5~rQE<9,K",dolyff2v@purevolume.com
105,dfuggle2w,rH4+uiv}&c),rgottschalk2w@netlog.com
106,cnannini2x,gT9.?#kru,edownham2x@sciencedirect.com
107,clampke2y,nY9<5DLO,fragdale2y@youtube.com
108,aokane2z,uZ2@~/hS),vmaple2z@accuweather.com
109,dwayland30,xT5'z$Iu~s?*,eantczak30@loc.gov
110,jthebes31,tZ3_@oqS,dchrishop31@statcounter.com
111,gmorrison32,qL0'.9*7FA,tstirrip32@aboutads.info
112,rhick33,kM5<cVQ8,jwoolham33@seattletimes.com
113,bhachette34,"nS3@,UZx1",ostoven34@mit.edu
114,mphilo35,"rG4&Kyk/'N\08,",ekorous35@gnu.org
115,bmangenot36,eI8\!z'3,olindenbluth36@princeton.edu
116,bscowcroft37,cU3.o2xy)},jcuddihy37@histats.com
117,shamner38,mQ8"vdY'HYVi/,eragate38@multiply.com
118,npfaffel39,tC2?DyWVtSac,schatters39@ezinearticles.com
119,jsaturley3a,tN1{MD!a,efloyd3a@wikipedia.org
120,bjanu3b,yI4~oouPtLC>Ht,jrusted3b@disqus.com
121,fsummerill3c,kY5<+bi6#h,cjoyce3c@noaa.gov
122,dsegge3d,oM3*b6r&'v,cchittim3d@goo.gl
123,rpeatman3e,uN2\XXDX,bbewshaw3e@vistaprint.com
124,spepys3f,uA3'8Juo|,tlilford3f@amazonaws.com
125,gbarson3g,mW9?8cBo.,vtommasi3g@aol.com
126,crubinivitz3h,zG2.!GMEqW)lYQa@,rfedorchenko3h@goo.gl
127,acutteridge3i,pF3~+nY)g)@,aleestut3i@google.pl
128,rhamer3j,pP2(ao)<P3N}q,rgalle3j@princeton.edu
129,dyemm3k,mD5$$r|%,kdumbarton3k@360.cn
130,dwollers3l,"rM6/cH""@|,_",gtennick3l@house.gov
131,dsommerlin3m,qR5!?Lo"n$Th(`,cdelap3m@icio.us
132,dvarran3n,zR8)n8#n~4G,jtomet3n@trellian.com
133,amunnis3o,pH1~F07Zlt%E*&,ndjurisic3o@canalblog.com
134,pderoeck3p,cC9~ZA.>a=)P{,gmapston3p@php.net
135,bferrierio3q,bG8!ER49ejl,ctenwick3q@dailymotion.com
136,bmathieu3r,kM2?M\NQZPOx,nhullyer3r@cnn.com
137,eproughten3s,"iX1.*<r,K",davramovsky3s@unblog.fr
138,hkew3t,vM5|t$iym,dlasslett3t@goo.ne.jp
139,rshepherd3u,oZ3=5/3&Xu,mgoldsbrough3u@timesonline.co.uk
140,gcarlone3v,"dH4,T$OwxD'=VA",ecalvard3v@wordpress.org
141,wreneke3w,mM3&2#$tePe62DJg,kcheales3w@irs.gov
142,elaverack3x,aO8$p)G%Kh0V*0"{,adidsbury3x@columbia.edu
143,vbengochea3y,zF6?`%kv<jw=,aorsman3y@squidoo.com
144,bwitcher3z,fU0|&a4mSQ1lguB6,cleedes3z@blogs.com
145,ecalbert40,pV4}GVMXH"tr,crichel40@who.int
146,dlampett41,qD1.D2D4bd}XRNbY,tbrezlaw41@eepurl.com
147,bvellender42,uJ4/i=cK,kharlett42@wix.com
148,khollow43,rF1'P`mg,okleiser43@ow.ly
149,ckarlsson44,aH1@=bK'L,vfaber44@vinaora.com
150,fcromett45,qB9!qPZ{gJ,tolunny45@ucoz.com
151,sferreras46,hP7%rP|eShJ2uc2h,gsnufflebottom46@mashable.com
152,adone47,yD3"SuqS,lgrindrod47@blogspot.com
153,gsherred48,qI0|xXZv7r1"h!,mthreader48@seesaa.net
154,astovine49,wO1.&F8>X)M,rvandevelde49@dell.com
155,tertelt4a,vS8.>9'\29ioHQ,mhulme4a@studiopress.com
156,ibranwhite4b,rU7<EAdcfcoH9p,rnestor4b@webnode.com
157,hsantello4c,jZ9*dp%xD,gflaonier4c@tmall.com
158,lhartley4d,qO1.OnP"?<,mniezen4d@msn.com
159,iyanne4e,"sQ5?,Se\kRIb",esinnock4e@issuu.com
160,dclute4f,sO5)}TaLoE<lU$,sletty4f@nymag.com
161,bgodbold4g,"cK0%,G,8P",fdevoiels4g@vinaora.com
162,cgouth4h,eA1?(&U#oI\`,omorrilly4h@dedecms.com
163,cbanfill4i,yJ8!RyNdN!bVqA,wheppenspall4i@twitpic.com
164,elashbrook4j,gQ4>EI_O/@Z7G,ctierney4j@tumblr.com
165,agorger4k,mG1`O>Dg_a#}A,mgulleford4k@cbc.ca
166,abuckland4l,"cN2/.3~,OvUoPs}{",oreinisch4l@wikipedia.org
167,pdurbann4m,aT6##(2/0f>jWe!,stoomey4m@mashable.com
168,kflye4n,"wX7{'sk,#g",mgillivrie4n@foxnews.com
169,mscyner4o,lC2&}IzE?K,mnudde4o@dedecms.com
170,nhenrique4p,oI9"<iXx/K,owreakes4p@scientificamerican.com
171,bsouch4q,fU2(EN0.,dsymper4q@miitbeian.gov.cn
172,cgiddins4r,sF1~R84UOHKS,jirwin4r@themeforest.net
173,ygelderd4s,oQ6~S&lp'=PqEk3j,jwoodyer4s@huffingtonpost.com
174,plunt4t,fF4~NUC`,tpahl4t@ted.com
175,lpalmer4u,xM0'o<4=QBbHH<z),ghargitt4u@slideshare.net
176,kmackimmie4v,sS6&i.VL07cEG)r(,olangdridge4v@opera.com
177,bblackall4w,kG1@5T=>NHM<",dcalderon4w@people.com.cn
178,rreddyhoff4x,hN8~&'5}9=J)f,dstquintin4x@blogs.com
179,rstollenberg4y,hS2?_~{8,obougen4y@ycombinator.com
180,lsimonetto4z,"vC4/Tc,rfOgs",fgiacovazzo4z@wp.com
181,arubinowicz50,"sK2{%@3,%",dpaffot50@psu.edu
182,mhatherley51,vB6/LEU+,sreck51@themeforest.net
183,kprobbings52,lL8#1i2$,flipmann52@dailymotion.com
184,lfriskey53,yX8*{K=4ST(bkk\g,jwagon53@omniture.com
185,rkerss54,qC9?4K(m)9,mlaverick54@shutterfly.com
186,tradnage55,uU3@~{*Z_nI,cjeffcock55@exblog.jp
187,sbindon56,wL0*eCr(TE\),platey56@fc2.com
188,aditts57,sZ4<DAz~6,ibatsford57@techcrunch.com
189,gpendered58,bG0@FKm6~sQIT,prichly58@unesco.org
190,tbadgers59,"wH9,)znn",fbyrnes59@state.gov
191,zdubble5a,"dA5\mqP4E,",chollyer5a@twitpic.com
192,rfitzpayn5b,"cC3\ksX+"",x""33aU",anobes5b@macromedia.com
193,kbatrop5c,mW8$4`hLGINX+9,chardistry5c@thetimes.co.uk
194,kchattock5d,"rU7&WsV,?X)z",laymerich5d@cafepress.com
195,rmatches5e,jJ7|pw9zcE,pstacy5e@odnoklassniki.ru
196,cdinsale5f,jN0@s<fkH,smilleton5f@usgs.gov
197,jsquelch5g,pR0%eyk'?@~,gbirney5g@de.vu
198,tayliffe5h,kI7*=&tL|K,rlamprecht5h@accuweather.com
199,fbosden5i,"oD6|,(Q'S=L",jthreadkell5i@opensource.org
200,bwhitworth5j,pB8*nN/L34p<vg<n,jvonhagt5j@upenn.edu
201,jwillment5k,bN0"u/"<0,dimlock5k@newsvine.com
202,dluciano5l,"xU4@#gC,kBgAue`",mdyneley5l@hibu.com
203,otrundell5m,gN9{!%2KVy,hlegrave5m@fda.gov
204,ascintsbury5n,bW2|<_<"Ul,pwind5n@ow.ly
205,tlanceley5o,fW1%$(n/JwMFxb?,cgoodridge5o@tinypic.com
206,mdrummer5p,dA4|dW`V,pblogg5p@de.vu
207,gduinbleton5q,dI1=CSeb!UoAen@,jkuzemka5q@eepurl.com
208,lort5r,rD5&k`"RARq3,ktorbet5r@discovery.com
209,atomes5s,jI1}>>+AE5,bmayo5s@toplist.cz
210,ebarts5t,nD9/F6QQ,cmacgrath5t@twitpic.com
211,wpougher5u,bR5+CT9/b!bT+y,mvalerius5u@fastcompany.com
212,jkenwrick5v,wR7.56ACh,ilemoucheux5v@histats.com
213,mhatch5w,kU4/m"r?9*L,eboodle5w@china.com.cn
214,scroyser5x,fV4'bo.c0!W,njoney5x@merriam-webster.com
215,wvaudre5y,tN7|#v>9Pwt|yWMi,gmotherwell5y@msn.com
216,lcheer5z,vL1+pAeeFToC,mguerreau5z@ehow.com
217,jhattiff60,vJ7*.##6|NmSLhkr,cswinford60@photobucket.com
218,gjedrzejewicz61,bQ3/yY\w,kpyvis61@independent.co.uk
219,tbroomfield62,gN5*.C6y/,rcawdell62@1688.com
220,acherrison63,dH6+%3unr&rC3<B),msmedley63@prnewswire.com
221,fmasham64,hZ9!((a\co0,wfirmager64@prnewswire.com
222,dclissett65,"tP4/\wsk#,I8mh",bbertomier65@google.fr
223,rbirchenhead66,kS6'a&H#uE9"|qe?,tsawbridge66@jimdo.com
224,squakley67,uV6|uc67w7`H',mstockbridge67@blinklist.com
225,hgritsunov68,gE7\(r.l,rmauger68@bloomberg.com
226,gdunbar69,"pC2_Z2hk7h=,",hmaccallester69@amazonaws.com
227,mbony6a,aL4\`P?X,eviegas6a@yelp.com
228,gfincher6b,xU3=6pWw,ykuhne6b@state.gov
229,ceymor6c,xN4~nz<A?a@Cx=52,lrapaport6c@cbsnews.com
230,jfrensch6d,iS8*!3bD!k46h(%,lwinborn6d@comsenz.com
231,shouselee6e,eG1"V<"a,amiquelet6e@foxnews.com
232,wwestover6f,bW7_G%kK5z,uchalk6f@free.fr
233,mtrickett6g,qW6?lA%K,fkeeler6g@businessweek.com
234,jreade6h,qQ1=HVj6QZm3&7h,lipwell6h@amazonaws.com
235,mmarkey6i,rZ2&z1L>_,bbarwood6i@wired.com
236,ccrossan6j,cB1(QOxn2z,hboyat6j@blogs.com
237,egimeno6k,hA9=~z*{7byh,mgellan6k@instagram.com
238,nlytle6l,uC9)VlIb*d2,ejahnisch6l@odnoklassniki.ru
239,ncicconettii6m,"xY4<f,Vj""~g,{8",gpardon6m@techcrunch.com
240,cbosdet6n,eC0#3/G(lpCw,asnarie6n@delicious.com
241,cchallicombe6o,sF0*'w28Z`,wbarwise6o@nba.com
242,etuffield6p,nT5>8W=`7Y>BC,halexandrou6p@xinhuanet.com
243,jvivash6q,bC1*8L/pxw(4JPs,istirling6q@skyrock.com
244,lnoraway6r,hE6|yLw0+>U6,sbreissan6r@cocolog-nifty.com
245,jwhitmore6s,sX7@l.e0aYy6Nj,mstranger6s@mozilla.com
246,fbrixey6t,gW7/r(W!SKL@,cgoodliffe6t@patch.com
247,kmogra6u,sX5%eX9/M,kchallenger6u@biglobe.ne.jp
248,nsarre6v,mC6(KqeVO8&',sdeboy6v@cafepress.com
249,nallenson6w,lO6<.+xwQA3,sburness6w@marriott.com
250,mutridge6x,pD2&<vw<8hp$7l,hcasham6x@trellian.com
251,evaillant6y,gE5}Bj1bSJ~}=<l*,jbarnicott6y@fema.gov
252,tonion6z,qN7.dAiRX,daubert6z@guardian.co.uk
253,cprier70,gQ3}37qF2yAE}g,mcarmen70@stanford.edu
254,mslamaker71,mT1!11L+2Sg>,bgrahlman71@ask.com
255,lishaki72,sF2=XsLr0,ndiggell72@wired.com
256,cshills73,hG6.>JmP/%,vroycroft73@jimdo.com
257,rmcclinton74,lO0}c\v>,cselman74@baidu.com
258,cbend75,"iF0,65<+.X",ddivell75@youtu.be
259,cgreenrde76,"fK8&,A8NVV",pglasscott76@dagondesign.com
260,canthoin77,wG7*}fRVR,sfevers77@angelfire.com
261,iricart78,eS4?Ak{k!bd@2,smibourne78@taobao.com
262,amacsorley79,gG2.udnHo9$//,bschruurs79@macromedia.com
263,ebaudy7a,yC9$Nb(m%i4,pmetzig7a@google.es
264,hkiddie7b,"mF6}JJ!cj$,15",cbirtle7b@cafepress.com
265,sblas7c,eQ2>)XmEh&,wrignold7c@google.de
266,dnevitt7d,hL3~v'/8K,tondrus7d@sogou.com
267,aoliveto7e,sQ7>s=0$`)%D?K$<,cker7e@lycos.com
268,sgoretti7f,oN0.\j<|i/"sWb#,cepton7f@etsy.com
269,kmaciejewski7g,bG8#T+0l!,ctrethowan7g@fastcompany.com
270,lclaworth7h,eP2&7m96(#,ehenke7h@sitemeter.com
271,jhibbart7i,"vE7,3geOy",mspry7i@cnbc.com
272,mnewbigging7j,iZ4}W{D}Z8,wcollyear7j@samsung.com
273,awoolford7k,"sG0,N3'a\Q",lrea7k@webnode.com
274,bvalenti7l,gF2_N=+@8,nsally7l@github.io
275,bfannon7m,fJ4_{"d<<n,rmillichap7m@mac.com
276,apladen7n,oG0+yH8}$,mstratton7n@wufoo.com
277,rstorrs7o,oH9&ee$Dk*9d,rwoodworth7o@si.edu
278,syeldham7p,wR7!@.zowo),mgwilliams7p@hc360.com
279,tjorcke7q,tD8/n#gqOXwG%%,gshuttell7q@nature.com
280,hgribbins7r,gT6+Mlm+poQY#,nscrymgeour7r@photobucket.com
281,drickasse7s,tP1%N6Frv,bdanielot7s@dailymotion.com
282,mstobart7t,dQ2!s<kJJ=Gv@YR>,wguerrieri7t@cisco.com
283,cbellwood7u,lZ5%71uwd,rpeasgood7u@opera.com
284,ncheshire7v,"oU4.zSK.k,a",bmonsey7v@gov.uk
285,npanter7w,xH5>muQ3i'?/,aorr7w@cpanel.net
286,lmedway7x,uB6`8XrDQ$,cdauney7x@github.com
287,eashwood7y,wI0(_F4Nw,eridoutt7y@omniture.com
288,ndeverall7z,aZ3?POAOU<M/,mthiem7z@a8.net
289,ebasinigazzi80,"lY0&EV,>WN<",pgoom80@tamu.edu
290,vundrill81,lH0%\+KYk{PhjmcD,rbodocs81@comsenz.com
291,nrundall82,vV2.{O3>tN@*b?t,egreenfield82@instagram.com
292,mmawdsley83,eQ3&$d$I!zW4qw\d,kphlippsen83@tripadvisor.com
293,afyldes84,"vO5),wM3",iburling84@oracle.com
294,gjesteco85,gU5(.2R>,ccaramuscia85@vk.com
295,opurcell86,sJ6?RJM9.MA@f>%,mmcspirron86@shutterfly.com
296,bmoggach87,aR2.Zzh<Y8jjKRz,hcool87@house.gov
297,dcovolini88,"jC6,E'*7IU(pyP`",velie88@goodreads.com
298,uharvett89,iV2%UTp\Q&KW80t8,lscantleberry89@lulu.com
299,pcolbron8a,hG1$ZPeeBIoDr,lwetherburn8a@ucsd.edu
300,abraganca8b,fY3.93\M,eblundell8b@java.com
301,aknibb8c,wD6(t@\5>`+i?Ui,bpetrozzi8c@qq.com
302,lrusse8d,xT2`9#rU_4,adudleston8d@archive.org
303,ddobbings8e,wI1+."$TH,vlenoir8e@businessinsider.com
304,dsharples8f,uF0.dV#B5j5VH,pspollen8f@indiatimes.com
305,fgarnsworth8g,iV8*a/I=}e,dseverwright8g@netscape.com
306,mandrez8h,cU6|sy1DGzt,cfivey8h@printfriendly.com
307,ibullen8i,zP9#*tpOj,dgainforth8i@diigo.com
308,jbyrne8j,yZ5$1rg),cnucator8j@nationalgeographic.com
309,tkunkler8k,tF0(p}!zPvY,ggooder8k@si.edu
310,sargyle8l,qP9|dD*XbuvB,mgiovannacci8l@upenn.edu
311,lgrundon8m,sH5+\r5t|h93F,gbrave8m@istockphoto.com
312,nruggles8n,wM7.9I*1X+U,langerstein8n@twitpic.com
313,fmccree8o,hU5_%0?@Y1!dSnD,eswyn8o@altervista.org
314,kbazek8p,dR0!P?2I/uat7c,bkingsnorth8p@vistaprint.com
315,mgrier8q,wT2+vIUq,nlovekin8q@ebay.co.uk
316,kminnock8r,jG1>H=V3#AWjgD<<,abarlass8r@quantcast.com
317,jmayoral8s,uZ0"uj.v<w,adobbson8s@meetup.com
318,eporteous8t,xB8"!w<},bghidoli8t@oracle.com
319,jphillpotts8u,aO8\OpV{d?I6`s,irouth8u@google.com.hk
320,zlindmark8v,lW6~\kg_VJYM}bs,dsnashall8v@nasa.gov
321,lminard8w,nI2>x"~nk*$3"\j),rmelson8w@ask.com
322,bbroggelli8x,gE6&YdtIK5i4K',adael8x@imdb.com
323,kgounod8y,bU0@6{*~e`P+,aderricoat8y@marketwatch.com
324,fhaylor8z,mL9.A5CX4Tt?L,jblakely8z@tinypic.com
325,kbunson90,dC4!u4EH6,cmahaddy90@bing.com
326,yserrels91,eB9|}9rRkpWOhL,cdevers91@wordpress.org
327,vchillistone92,wB2*IG"fG!,cchirm92@huffingtonpost.com
328,smeadley93,kE3@8B/~ZeO=,cwein93@microsoft.com
329,ldadd94,cQ7#p3P@<,sstitson94@devhub.com
330,jswaby95,wN4'zImwO),gspawton95@t.co
331,lmartinho96,gC7'nVT.43D1,fwelband96@skype.com
332,lbenettolo97,nR0)%T.1,awrighton97@jimdo.com
333,nbarrell98,eI3_Xi\l),mcalvard98@goo.ne.jp
334,pdaughtry99,nL5<FBWK1e{,sorro99@youtu.be
335,ekornel9a,iV6+wo<$C+(C@9.I,beldritt9a@home.pl
336,gforman9b,mW9$T0<|,scockings9b@china.com.cn
337,cstearn9c,hY6.3RXC0KZ|sV,lfoskin9c@si.edu
338,cgillingham9d,"nN3,oNQeZr!",scorcoran9d@hatena.ne.jp
339,dduthy9e,lX5|Cep~,lgyford9e@archive.org
340,tslevin9f,uP4<o\g7jX{`C,tgilfoy9f@dagondesign.com
341,kpevie9g,"oR1%,<Ksu",mlapish9g@dell.com
342,bfyrth9h,rR5!\sCII&?0J.4,qmucci9h@cargocollective.com
343,grissom9i,jF0/KXEh4LB1B{,djankin9i@prweb.com
344,atweedie9j,aH7_z{Lyn%z,mdonkersley9j@miitbeian.gov.cn
345,hhumpatch9k,hW5)_3Gq'1A+,slibby9k@dell.com
346,crobertz9l,"pM5%+N5|,EJ_&oL",lcardoso9l@ovh.net
347,tloughead9m,qF1)dZn!2j,mmickleburgh9m@technorati.com
348,mmacturlough9n,eZ5)!!Wl)>H<OQ},ahele9n@delicious.com
349,vaddicott9o,"wE9{KV,o",bmerkel9o@microsoft.com
350,jdurham9p,xP6>~3(p1,mmacaindreis9p@columbia.edu
351,ddabell9q,nW2{37?W+B9Yc6,grogeon9q@scientificamerican.com
352,jbrosetti9r,rB4>4c>0ee7<,aisaak9r@yahoo.com
353,pwythill9s,"tZ3+AlC.,&CC",cflemming9s@intel.com
354,lpeasgood9t,oG2?~1I%,kperin9t@vk.com
355,vmeaker9u,oF2*OC!+H,csatchell9u@clickbank.net
356,cdrake9v,nN0<y.x9p,sjodkowski9v@europa.eu
357,agoring9w,jU5'FIhGUJ30,bbountiff9w@si.edu
358,ccollinwood9x,hO5_Cud1Dme)I,mstanyer9x@etsy.com
359,rouldred9y,"wF9)TZ,'p$MVl",djeans9y@state.gov
360,lswapp9z,uN0?ln/oKr)Wq,bodger9z@delicious.com
361,awardropa0,"zO6,)/Qz3H,Q",mhallexa0@list-manage.com
362,chamea1,kC8$O4i/e2"N".`I,lplimmera1@home.pl
363,khowchina2,uV4<T#1tF'V,sortigera2@wikispaces.com
364,kmartinuzzia3,"rW2\/zy,/Ht'p",tmallabonea3@tiny.cc
365,fhenriqueta4,kI9~V<%J!Kr,pniesinga4@flavors.me
366,aezzlea5,"hX3?0+W_`9HPj"",",lmattheeuwa5@joomla.org
367,mmccarthya6,rF5/+i&MEBPh,hcantophera6@xing.com
368,blappina7,lE0"f}QkX0>@p2r,momullaneya7@deviantart.com
369,wbellarda8,"aT9)""JZ,E_%",speea8@mtv.com
370,bhovarda9,xH9!{142zR\DQhy,bdarragha9@geocities.jp
371,kwardenaa,cT9?(r*pL)xsoY,vschusteraa@amazon.de
372,ssilberschatzab,"oV8<G,6\vXbR~",lfieldersab@fc2.com
373,gscramageac,hM9?"w3(hcmD,gthomasenac@unicef.org
374,vbrankleyad,"yR1{WtF)0P6W,P\%",elangfittad@cam.ac.uk
375,braeburnae,"kH5`m/,P{",lronciae@jugem.jp
376,gsiselandaf,aJ2+8?hP0g5_/KSz,mpinckstoneaf@cam.ac.uk
377,mpinnigerag,"qN6,w+yjSR#G\",wbrackag@blinklist.com
378,kakamah,hI2}twE(iUoq_,wplewesah@ovh.net
379,rbroadisai,"vT1>L%H}%,7iu",dkmiecai@shop-pro.jp
380,nswyndleyaj,vT7&Uis#kQ32W,cbesemeraj@t.co
381,ebamlettak,cD3=@Un%c)j,tleverettak@businessinsider.com
382,myatemanal,aE5|/dwbKTRm_Ww9,lwheatcroftal@ibm.com
383,gsamperam,fH3.rIzsp#H,ctrottonam@meetup.com
384,dmaxworthyan,xL9\.'WgBbSc.pw,aoaklyan@blog.com
385,jvandevliesao,cI6$GJa"$M,ifrushardao@themeforest.net
386,drudlandap,xL5~t{i4t<I5,arugieroap@discovery.com
387,hhoveraq,nR0(6<`bBJx\XEL,dwoolacottaq@indiegogo.com
388,chadlingtonar,jN2<sfCYVynULzwf,syurchenkoar@prnewswire.com
389,eyitzoviczas,hF6+M$demWC,dvalintineas@unc.edu
390,cwellbeloveat,"wR5,UzlzkS",abuttrickat@cpanel.net
391,bhorrellau,zP3)>#Us,npellingtonau@cdbaby.com
392,sleonardav,rW2}JlPc2,rwincottav@wunderground.com
393,rplaunchaw,"lG6.Rp?jhv,",tmcroryaw@themeforest.net
394,bfennelowax,rL4/|0IAt6|AY8,deaglestoneax@bravesites.com
395,tyveay,hW0@/OqPOFr|e",llardneray@gmpg.org
396,jhrinchishinaz,vC3}5%~`,ddarthaz@theguardian.com
397,tgawb0,cU5$_y&jIjm|n!,cstanmanb0@angelfire.com
398,ronginb1,nX0*Ov~j!LS4/%,bwylamb1@who.int
399,carnaudotb2,bW5|b!.Cr,mbadamb2@livejournal.com
400,afromeb3,hH3'KGh4dk#dZ,kvedyaevb3@desdev.cn
401,npiolab4,hE7/fAMD3(r|(Z,ggoldieb4@economist.com
402,kmaclucaisb5,iK1%kQ3|QmOW+lD,adallaghanb5@wordpress.com
403,kjoderb6,"zY4/Zco,",achartresb6@clickbank.net
404,lbramontb7,fZ8"#2Ph,eduthieb7@digg.com
405,hlovatb8,jA5@8Ce\kqSy,vbeetonb8@seesaa.net
406,wmoncreifb9,yQ6`WD{>fP}DDxy(,gedardsb9@shinystat.com
407,tmildnerba,zM8|qT_+K@,jdybaldba@vimeo.com
408,mcurnokkbb,gX5#<lgQX9U,arishbrookbb@auda.org.au
409,ibesemerbc,qC5$Ys.aRWU1\,ndrennanbc@elpais.com
410,jsatterthwaitebd,nR5%o_W{+(2HKy,abennettbd@noaa.gov
411,rdadybe,aF2_lP&l/'g$as,flippittbe@google.com.au
412,markilbf,yB2+r{lEXr6%,rhoffbf@e-recht24.de
413,rhartiganbg,wN1.L#3Evt&"cv,bhufferbg@prweb.com
414,hcasewellbh,vA2'RtTuvoYHQJg{,bglencrashbh@howstuffworks.com
415,efearneybi,yV2*Ug>>_q,tmcartebi@prlog.org
416,qchevinbj,bA0_wb"9/5,rwhithambj@google.it
417,ubentsenbk,oR3`DJ4D"g8,aadamecbk@freewebs.com
418,equilliambl,dZ1/}Dyw,cbyrchbl@diigo.com
419,aclappbm,rD1~b8H/r#rR)T,apestorbm@wix.com
420,schezierbn,jD8{B&G1#S3*F,msaundersonbn@shutterfly.com
421,lmeachanbo,fJ7&@)"Uh/4T6,jrossettibo@telegraph.co.uk
422,lroylebp,iH6~Lwb\{u!>,cmeekingbp@guardian.co.uk
423,arylattbq,rS1.Q`./6>e%1<8,lmarcumbq@taobao.com
424,ggazebr,dW3(?hql*!A7,avasyunichevbr@cisco.com
425,mhewkinbs,yD1|3=1HZc,smatteuzzibs@sina.com.cn
426,mcrampbt,mM9*Rh=_)iB,hwillsmorebt@wikispaces.com
427,aeltbu,bK2`I!Wr`4aOjX2w,rrittmeierbu@cyberchimps.com
428,aspenclaybv,vH1@Y\u(5?_c?q,drichardetbv@accuweather.com
429,jclewsbw,vP7&v`G61JwX}K,mchingebw@imgur.com
430,fstrydebx,pZ0(3f9Y%|,lwilkensonbx@macromedia.com
431,mmclurgby,"nV1>4,+8l",jlionelby@webeden.co.uk
432,hwhittlebz,dS6(\MVWT#BwK)=i,wtanderbz@japanpost.jp
433,agarciac0,bM3.<Xej6,teaglandc0@illinois.edu
434,bshoebrookc1,cU4.cwi"v,ptrewhelac1@yahoo.com
435,ngrederc2,aZ8)k'GWkdG.?,cmcgoochc2@hugedomains.com
436,gmenlovec3,xY9\Y@g%`DWvgC&,bpaync3@noaa.gov
437,nblaslic4,jH8)k`bY}@Uj%,dpounsettc4@jimdo.com
438,rmcgraylec5,zI4+798UhJN*,ccogleyc5@deviantart.com
439,rroscamc6,mR0*yv~1{,marchibaldc6@dagondesign.com
440,wroomec7,rQ1=M{a(,bkilligrewc7@reddit.com
441,maltyc8,eJ3{NKDF#3*|,dcrambiec8@flickr.com
442,jfinneyc9,mQ8++K0s,fjopkec9@privacy.gov.au
443,csparryca,mC7#Z>7Bd%rC\,ebachellierca@aol.com
444,dizakofcb,vH6$u|6IcY_ny2,syuillecb@mashable.com
445,esawyerscc,bA8.{t\Onx'=".@,jbennetcc@wordpress.org
446,nmerrgencd,iR5<f.Dd,ilutmancd@twitter.com
447,jbothwellce,"rF0>CO,9uXG93xeC",ffieldstonece@reverbnation.com
448,ceborallcf,uD1!w$i~F{Kv~N,ccahalincf@dmoz.org
449,ajakolevitchcg,"dS7`#XiS,TGi5?.G",acosynscg@parallels.com
450,arangallch,wI7\d5KA,madamoch@ycombinator.com
451,tfollingci,dT4_Uc@b6,jmarjoribanksci@dedecms.com
452,lcoultcj,bW6_}p"Pkd45{FpV,cjallandcj@dagondesign.com
453,schittleburghck,tW9#l9B_?,kiglesiack@de.vu
454,wskunecl,cJ1*TEdl,bsilverscl@canalblog.com
455,gmcalesscm,kK3~ID@W<&,nlatourcm@list-manage.com
456,ndrewerycn,cZ3*tP}cyU,iloghancn@china.com.cn
457,tclappco,iM1?eYB|H,igirtco@shutterfly.com
458,mvandersoncp,tS1&8Q)@GTEMbWv{,rheadingscp@yolasite.com
459,mwilborcq,"sV0+#W{,p+$",gscotherncq@tiny.cc
460,tmaclardiecr,"sD1<9"",{OH""0",cbissattcr@bravesites.com
461,hmilkinscs,hB4}!oC2Id",fnormavillecs@github.com
462,ablakemanct,"eG0'nT)_6a!,%*?",mgillingsct@disqus.com
463,mmarrettcu,sC7{MZN?nk3_,acloughercu@issuu.com
464,uloftingcv,kG9+T9J+"L{,dnisuiscv@prlog.org
465,nmcgaherncw,mY4_?9o0U5u%,cbyrchercw@globo.com
466,rgrabehamcx,oR6#9O."KgI,apeacecx@godaddy.com
467,vlindercy,zI0*bijb),kcristoforcy@altervista.org
468,igormleycz,aT0>6gQaZ,jenterleincz@github.com
469,gwisond0,oH0(`"~1,drauprichd0@scribd.com
470,cbricknalld1,oQ0#/PDV=RtO7,rdobbinsd1@surveymonkey.com
471,wdinsaled2,nU4(?5\Tw?!Z#3'e,bmattersleyd2@cloudflare.com
472,agibberdd3,sA0?7+*|R~?Bx/,wcecchetellid3@tuttocitta.it
473,ffeldmarkd4,fY1%>Ur)KE|C>ru,spogosiand4@msn.com
474,mgabbatd5,fC1}AW9JiZ70&O'1,tbartelsd5@google.nl
475,lseatond6,bB8*.>q(,hlarmetd6@google.nl
476,mlentd7,nD5\}Ji&d9Y>x>,tdouberdayd7@mail.ru
477,clevingtond8,iF5>ev"7U$%2&4G,ncalbertd8@tinypic.com
478,mhenrysd9,kJ2'Vm)g)&+=t,aarchardd9@drupal.org
479,aklaffsda,bA2_0nD2,hleelda@google.com.hk
480,kcraskedb,nT5/=J*PvkZ,jtrehearndb@mediafire.com
481,cmayerdc,pZ7"ss\"E,wglantondc@edublogs.org
482,tberksdd,bY6)$Swq1,dsteaddd@bigcartel.com
483,fjuanesde,vF0)6}cs>D,emacyde@stanford.edu
484,jmerrifielddf,aO8(*ogYpv,astaddendf@apache.org
485,rarbuckledg,nJ9_G\X!6*5%'A7C,mmarklowdg@apple.com
486,nplettdh,rA2{CkE?D<e.Ub5,jclaissedh@netscape.com
487,jpetegredi,vV3$I5l#s_V*`O,rmcgarritydi@yellowpages.com
488,cduplockdj,nC3`mED5mc6tD|M,nbanddj@reference.com
489,cgalldk,eB1&WPSJYR,btwintermandk@fotki.com
490,tpaulinodl,sZ2.4|m%BX,jcandiedl@purevolume.com
491,lkellardm,rE9@~dIHOW,eohingertydm@newsvine.com
492,mfitzpatrickdn,eR2|2*&{<rR,tbartlomiejczykdn@nifty.com
493,dcovildo,cT4&i0E$,aheriondo@typepad.com
494,iwilcedp,dN5>T"By/u_,grumensdp@wikispaces.com
495,jollingtondq,dB6`Q(sYPZHyY4,stottondq@phpbb.com
496,dverlingdr,iG8(qUc?4=P,vcrowcroftdr@cafepress.com
497,bbrientds,uU6(5.T1+,mpeascodds@usa.gov
498,hhinksdt,"lO6?<R|,Qs*",aissitdt@jiathis.com
499,llinforddu,qB1\c1Cr0,ahackettdu@hubpages.com
500,sdarmodydv,"sE7#g,a5E/myu",hmapledoramdv@vinaora.com
501,ksabbinsdw,wL5)e\K#g"/,otschierschdw@goo.ne.jp
502,gabysdx,eJ0@l`zRM,bexeterdx@eepurl.com
503,rhirchedy,"dB8$\v3JuO,~",ckickdy@google.fr
504,ametterickdz,"cL7.GH,n`z""",afallowsdz@xrea.com
505,dskunese0,aG6&WBfQ'(,jheinze0@g.co
506,cdemetze1,gF4>kg@w_1eRp,cyaakove1@dailymotion.com
507,gtaggette2,xG0'(%!7XyQD/,ssoanese2@meetup.com
508,dtinhame3,vI1<g2Xy.eDElG,hhileye3@nifty.com
509,csalisburye4,zE0?J2W10X},smcsorleye4@time.com
510,sblackborowe5,kU3)Y)Ww08"2knY,bagotte5@g.co
511,ftunesie6,pZ3!cN#!,fpinckneye6@xinhuanet.com
512,neckforde7,jQ9!qs==8,khearnshawe7@wired.com
513,lhostane8,oF2~zqy>,gdransfielde8@macromedia.com
514,vgodthaabe9,jH7>w_9uI4',apigerame9@nature.com
515,spesicea,iH0.2Jb$.@?j3,eburlesea@freewebs.com
516,asilkeb,xC4"s\z1,adimmneeb@webs.com
517,ctomleyec,gO1\#W*~P9iK,mstickellsec@digg.com
518,kmonktoned,"pK1,v$Kqz9<#",aborlesed@instagram.com
519,eamortsee,sG5/&EBg),aroddickee@businessinsider.com
520,dhaselyef,rG5!Q)iX,rproskeef@npr.org
521,vbindingeg,xB9$`3fJl,hmacgragheg@lycos.com
522,gjaniszewskieh,"pS7_q<k,",ymunfordeh@w3.org
523,rgheorghieei,wN2``PL!C3nq_X/,nduesburyei@ibm.com
524,pstrafenej,fW0#yHh.,crenaultej@ycombinator.com
525,edoneek,nU1%HheEK'GP,strowerek@yahoo.com
526,mmcmeekingel,dT0>\Yzdzs00{HiH,maingellel@dell.com
527,cyurchishinem,tQ3{O+A@\,ceastcourtem@weebly.com
528,apointen,vF0.\(XJ,mscriveneren@infoseek.co.jp
529,cmattissoneo,fV3{QI_m,rraddenburyeo@cloudflare.com
530,lamyep,oP8?.p_@t(2H5`{e,jcaigerep@tumblr.com
531,bcusheq,"aI0,zwD""d",arutteq@pagesperso-orange.fr
532,dbreeder,"mD2},gx'0Ym8I|2",dsoareser@yahoo.com
533,kwilkersones,mV3<Z*{w@<i,mwillavoyses@goodreads.com
534,ckochet,tS1{CQ(s\A)%m,kcullonet@amazon.com
535,jgrigollieu,sU7!5VBN.0mm,ldaltreyeu@nih.gov
536,vbengallev,iQ6}lO3pc!"s{,ibuckerfieldev@edublogs.org
537,arowlattew,vQ0_?9~0G,cscampionew@amazon.com
538,csutherbyex,bF9_&mxQ,avalenssmithex@yandex.ru
539,mpreatorey,"eF5~SVSJx,W)`JiF",lblackadderey@lulu.com
540,fblareez,"yN4,}9KiJ",smcfeateez@so-net.ne.jp
541,clisettf0,yY7"Ec*mc2\6,eleballf0@eepurl.com
542,qevaf1,xA3?y`='',dllorentef1@marketwatch.com
543,mbakef2,yJ0|r#.a,ntschirschkyf2@merriam-webster.com
544,jheineckef3,bU0>g51s$T,cdrabblef3@mac.com
545,xjallandf4,hX2&v)_UW,oschulzf4@google.it
546,aolijvef5,fU5&p|)LQCwt|,ffanthomf5@dmoz.org
547,cradsdalef6,dD1`wi/E"OXzGT,amcclevertyf6@multiply.com
548,tgarthsidef7,gN6?%zu"We?I,lquinceyf7@howstuffworks.com
549,fboulef8,sB0#MOYUm1~M{loV,lcreesef8@cbslocal.com
550,aivshinf9,gI6}9xdP,opratleyf9@plala.or.jp
551,choldronfa,wK8(=FVL53BEc,hdanaherfa@feedburner.com
552,sjeandinfb,xT5(3hKYAf,ppeintonfb@google.it
553,sthrushfc,aY4?KpQD,sjosilevichfc@seesaa.net
554,nstiegarfd,bI6)~pCt_EvY,phundeyfd@friendfeed.com
555,ccranstonefe,iS3&6JQ37,mwemfe@state.gov
556,crabbetff,sH9%v*)#z7Z+>,mnendickff@last.fm
557,kbenieshfg,"gC0/aY6fgw%g,?P",dheaffeyfg@businesswire.com
558,fraultfh,hO0)OO8tUF}yJZ#,avanzonfh@spiegel.de
559,fgallehockfi,gU4@y6IEbNr0,lslaterfi@wp.com
560,msextonefj,qI1+ylP<=D3,chinerfj@google.co.jp
561,tpatiencefk,lI3"X2e=|S&,mdurberfk@census.gov
562,htryfl,kD3`*i1shz/{#,gdzenisenkafl@ed.gov
563,htunuyfm,uC7&_f&|I<,rsanperefm@myspace.com
564,hmeafn,aU6*QSnv,hentreisfn@goo.ne.jp
565,nmoughtonfo,mD7/'~HRYpP,mtreugefo@zdnet.com
566,galliottfp,gQ6%"VG<1|dI'rV,amolloyfp@behance.net
567,abreydinfq,"dT7,(dc29VVHdLAK",cgrutefq@walmart.com
568,jlangcastlefr,eL9+ftCZB%pZST,jcasementfr@ameblo.jp
569,sduplantierfs,bA6}?>i/ZgvzT,mwhiteleyfs@alexa.com
570,lkellarft,nT3}C!hJc,aduckhamft@linkedin.com
571,sdecastrifu,aB4\X%7f,rmcdermotfu@moonfruit.com
572,lmalenoirfv,"wP1,fTE0T",ploisifv@clickbank.net
573,nmogiefw,"bZ5,IXTJtUm",atarbertfw@artisteer.com
574,atattershallfx,zK6\?47_n,lpentycostfx@epa.gov
575,afairbanksfy,gL6{H=b<",lgomezfy@last.fm
576,mspencockfz,nZ8<(Z38v`B,sgollinfz@mapy.cz
577,daikenheadg0,bD6~mwd},goliphantg0@multiply.com
578,idumbrellg1,rN0#@U+9,jwisemang1@google.cn
579,jmannoochg2,uJ5%n*a{vjdd,adockeryg2@ucla.edu
580,darrundaleg3,"xD9,|WW}nyzF%5",kpalethorpeg3@zimbio.com
581,kgarwellg4,wR8$`+xaq=H2,enittog4@prnewswire.com
582,gmeeseg5,nI8/WG~V~gfoqZ,rhutchingsg5@networkadvertising.org
583,bhillhouseg6,vV4?2_|7`PHQyZ,bcancellierig6@dell.com
584,mrivelong7,"xW4,k%v.?",tkalinovichg7@myspace.com
585,gbrasseurg8,lX0%~'vYc"~c\XV,mmaccrossong8@sphinn.com
586,mshelpg9,pI2<jJ`Nf",ogillebertg9@paginegialle.it
587,socurriganga,yU0)V~IH>,gharkerga@barnesandnoble.com
588,fisaacgb,fQ0\0s|%D,kperfordgb@sourceforge.net
589,vyosselevitchgc,eX4">QbpL5z,playegc@utexas.edu
590,credwallgd,bK5*8Kwz<hN8,sdaftgd@theguardian.com
591,sroddyge,bY3$2frF,mbackenge@marketwatch.com
592,hgalliegf,aJ9}9*%JcJhD,dlambiegf@dailymotion.com
593,cpearlmangg,qX3~/j2uBm,bcristougg@ameblo.jp
594,dhutchinsgh,eR7(sTCLQ,parmfirldgh@twitpic.com
595,mpescodgi,zN5/y`}2$@=5F,mcullefordgi@wikimedia.org
596,echallengergj,vD6%DAH~,pfurnivalgj@so-net.ne.jp
597,cfryegk,"fS8=I>,R2uF.",kmohungk@narod.ru
598,cadderleygl,cI0/3oR?',yaddsgl@flavors.me
599,ccreegm,"qV2!K'5{gL,",bfindlowgm@devhub.com
600,hmclewdgn,"tO5,_bn$",rbielfeldtgn@toplist.cz
601,glotego,zM3=skZ'AyY,rnevittgo@free.fr
602,jestabrookgp,iR8_h!v<_rb,cbartlomiejgp@amazonaws.com
603,pkumaargq,"gX2,S/K\,vTwhjNm",tcraingq@who.int
604,cwarltongr,wA8<Zxd<,cmacraegr@so-net.ne.jp
605,lheggsgs,sE5}2i\Q,srosenkrancgs@cbc.ca
606,qhounsomgt,"eC4,l`Rn",tlomondgt@wikipedia.org
607,kailmergu,cY4"7#7t,lshemminggu@privacy.gov.au
608,kourygv,zL4%XfOJ,tcowlamgv@bing.com
609,cunderdowngw,pL4$W'qNqw|"zO,ipeviegw@answers.com
610,bnapthinegx,"oU3.H,txZ4Zl",dconlongx@xrea.com
611,erudolfergy,nI0.oI"b<&'9*zg,jschopsgy@sakura.ne.jp
612,bharnellgz,vG0+P8\kP/F,dkoppengz@moonfruit.com
613,igandertonh0,rS2</?2Qe,dknealh0@networksolutions.com
614,rcolthardh1,zE2\x!*1r4../"J,ecoakerh1@dailymail.co.uk
615,mfernanth2,qZ1/}i$9'fyx'4C,aparzizekh2@mashable.com
616,mscawtonh3,fV2\Q*j=(,dodesonh3@plala.or.jp
617,mpreslandh4,cI6.v~Pw5U%KC,xoxenhamh4@ezinearticles.com
618,dhaslenh5,tC8?\WAAHL,ctyersh5@spotify.com
619,okocheh6,cI6<o!&!|K,mancliffeh6@mozilla.com
620,rsettleh7,lQ0>{yk>QyeSEa$d,rfarloweh7@ebay.com
621,cmillbergh8,"eF0,\YP>Z}mG7hj",mgummieh8@epa.gov
622,aassadh9,xM2<>GwpCfU,dkinchinh9@goodreads.com
623,ddeverellha,lN8$Iw9#9,mfevierha@nasa.gov
624,bflamankhb,bC6&Zo\K($uPP"*,daustonhb@bbc.co.uk
625,kgoulderhc,mN0{r{Z1SmFB_L4,cebbshc@posterous.com
626,dcambridgehd,fV8*!cKeG5Txv,rcuffhd@tinypic.com
627,hmccallamhe,fR1@7a1'"T,adyhousehe@goodreads.com
628,agorchhf,sV1/Pq'u,blidellhf@marketwatch.com
629,tbridalhg,dE4}ZaI.E}a'|``,scockshtthg@example.com
630,kantoniouhh,mP5_6a6'l0x,dmelinhh@devhub.com
631,lbroxishi,qS6/SqY)D8o>Cv)5,sbeatenshi@dedecms.com
632,tkimberleyhj,qS9"16L%L4|.v,abottomorehj@census.gov
633,sandinohk,oS7#YP(H,dbranchflowerhk@spotify.com
634,jwonterhl,lL3>"q4`uB`)l,iwardinglyhl@ezinearticles.com
635,mwoodbridgehm,aW8`QJQo,jsitfordhm@i2i.jp
636,cblabeyhn,zE6/\Sq&z%\&,fscoineshn@google.com
637,asweatingho,lT1~rZ=/%=@'NqF|,twallisho@time.com
638,aaggetthp,mE2=HKi%){W!I*0,grentcomehp@prnewswire.com
639,twarderhq,zU3*z+}=ze,nwhiffhq@senate.gov
640,gclampehr,oP9_{@jL>.kDj,ybradickhr@globo.com
641,cmoldhs,mY7/FIX%"Pxe}GE,rpurkishs@businesswire.com
642,cblaisdellht,cC1%9cAw,cboarerht@barnesandnoble.com
643,bmenicombhu,hA9~+Yq?%5=U,ecarneckhu@time.com
644,hdemariahv,pW0'Z#d@Bo~H,npeacockehv@photobucket.com
645,gtyrerhw,lH9$K73S3({,iartushw@g.co
646,zmckernonhx,"qL0&OP1d,LzqMj?",jextencehx@myspace.com
647,bgresshy,uH7<ss7\u<,fmcconnelhy@epa.gov
648,kfannhz,bF5~iZ@R+,stobinhz@paginegialle.it
649,jflanni0,dU7`'2~bS*(}jm,zworthingtoni0@tinypic.com
650,sstormi1,mK0?ubYSm44K,vkornilyevi1@pagesperso-orange.fr
651,ccampaignei2,nP9+350e,kmandali2@mapy.cz
652,aorneblowi3,aQ4_Ol#vO3,rtringhami3@slideshare.net
653,gcollingworthi4,hI6<.BV1G)k7!|?8,czanassii4@livejournal.com
654,ibuckleighi5,iF0"|?4'&q.,oworrali5@mapquest.com
655,lpietrowskii6,xT4.5eETT7bO0h{,rbrindedi6@unicef.org
656,dlevensi7,"xU8,M.CCy%fF?V",glisamorei7@howstuffworks.com
657,nalbasinii8,kM1>t={Z,jnoei8@ustream.tv
658,croddi9,nB7_2tM@,byersini9@hostgator.com
659,scastrilloia,mY1.rt<7,mmckibbenia@nps.gov
660,prestillib,"tZ0\v,W>TH=yA",eboarderib@sina.com.cn
661,jpapaminasic,aO5~>8a?\,gtaaffeic@loc.gov
662,cdrewettid,vJ8_dT\=,cwhordleyid@digg.com
663,mmacranaldie,"iD1*!KN,y!6<`",mfoddenie@mit.edu
664,gburnappif,zI7$Qhx0Zm=8p,fpottellif@dell.com
665,sloweig,qG7\L"C2a2DbWD,msitlingtonig@google.ca
666,lcomazzoih,yB1{RiI3,npeggih@printfriendly.com
667,cblakemoreii,gP6>5BUC.~za~,erowanii@jimdo.com
668,lpawelij,gB3%1oh#,ccaveauij@home.pl
669,areedickik,gW8~<L.P,vbowerik@github.io
670,rvalentettiil,uW1&.(e_K`,mperelloil@cnbc.com
671,apowderim,kN9?2i|.etz*,jgodlipim@rakuten.co.jp
672,mcatenotin,"rR6+=lXIv$,",lbrislawnin@networkadvertising.org
673,gdermotio,sP4<`qN1gO~NXP}S,aswadlingeio@columbia.edu
674,cspurrittip,wV0"ufyPF+pa,ghaselhurstip@squidoo.com
675,jcarlemaniq,uQ2)\7Eqq,rbaltzariq@php.net
676,mparadesir,aU4=.ca1e{v,mnieassir@washington.edu
677,iandrioliis,"aP3_gx}(,F!Pg",ltoleis@smh.com.au
678,lwithersit,"lQ3,WGw!7Oa%6",dthowit@patch.com
679,wtollowiu,gI3@OVfK}gkMs2,jcolganiu@theglobeandmail.com
680,labrahamowitcziv,"dP3~W,`V_Dd",hseelyiv@freewebs.com
681,ddubsiw,xX2{8'6(0i(mS{,lstanyeriw@xing.com
682,kwigsellix,yM9(1=`0"Sse*',mmaydwayix@dailymotion.com
683,jsheardsiy,"xC5,W\'qn='Hi",ktarpeyiy@guardian.co.uk
684,nbleasbyiz,yW5%4e6s(6,asplevingiz@studiopress.com
685,wgirodj0,mS9>m/z2Wgui},dlitsterj0@sourceforge.net
686,reverleighj1,"jC5)W@M,|w'",rvasilicj1@soundcloud.com
687,lginnellj2,cY4&q5L=,saronowiczj2@booking.com
688,afidelerj3,vY6~4R0E,tlilej3@instagram.com
689,dgealyj4,dO0{xY{K.,adobbinj4@businessweek.com
690,abrackstonej5,gN3\T6bKJ!+JE@,fhurryj5@netscape.com
691,dlimmerj6,yQ0}0=ow)_n,ekamanj6@ustream.tv
692,dpaudinj7,xT6+c?Fe"Gd3D>,mmeffanj7@cisco.com
693,ltiernanj8,fF0\OZ85)}r\?~*,crodgej8@gov.uk
694,fleningj9,kU2(4/v`v,bdesaveryj9@canalblog.com
695,dcusiterja,lY4_dd/}7C1eDno,utopingja@privacy.gov.au
696,abeafordjb,mG3!4='{NN4,cdufferjb@spotify.com
697,lattersolljc,uS8>/~gB(,jconsadinejc@etsy.com
698,mgurnelljd,"rV9,G+ss",mslisbyjd@amazon.de
699,bgauvinje,qU8)fwg`?+Rrtm,hbergstrandje@fda.gov
700,gbrandlijf,fL2#Q{Fq|RlT,pbaudtsjf@miitbeian.gov.cn
701,lstaterfieldjg,cP0'fV.)3LHQh,lmacroriejg@icq.com
702,pkleinsmuntzjh,sM5.q"(Lgq}.U%,nswatridgejh@smugmug.com
703,iborkettji,"tA1,*A_{(0BI<L",jbeurichji@photobucket.com
704,lsprigingsjj,dG3(@P?!dlT,sandryushinjj@meetup.com
705,aosbanjk,"xY6{{0wElw\,r>",mmacmenaminjk@amazon.co.uk
706,ufollandjl,uR7#i"6DUt"Xo,acoffeyjl@about.me
707,foxbrowjm,gB2!sZ4h"m,tstientonjm@archive.org
708,lryvesjn,qB7.O$Icy71J<lim,kfaircliffjn@blogger.com
709,mhalleyjo,dK2_vfs?QK2))db,itipplejo@4shared.com
710,avelajp,sJ1"/o8kUUu_2,kdreverjp@lycos.com
711,agullisjq,"iG3%CNGQH,",meitterjq@ucoz.ru
712,chambatchjr,eW6/OX%a,jbutertonjr@rakuten.co.jp
713,lhansburyjs,uV5=2YGGLyc@Ay,fhastelowjs@gravatar.com
714,laronsjt,tK4\`uMe,gstokoejt@fc2.com
715,hduplanju,cO7*E0XBi!5,nchurnju@auda.org.au
716,bmartynkajv,eJ1\"$iwdwTC,sstirripjv@irs.gov
717,echillingworthjw,gV2>{pj+,mdrohanjw@youku.com
718,mnollerjx,cV8@()m+!Bi=,narnlijx@reverbnation.com
719,dashbornejy,dP1>7EH>Hr<3?U,emaddrelljy@creativecommons.org
720,jliptrotjz,zG0_tc&G,bfraniakjz@tinypic.com
721,dschuckk0,"oS8~sE,2SWr0inOA",bworvillk0@studiopress.com
722,oracinek1,dT7|=frenC0mg1S*,herrigok1@yahoo.co.jp
723,bedgeleyk2,jB3~'b@J>oE4,tligertwoodk2@statcounter.com
724,mthunderk3,sB8'oP}=N,mjahnckek3@engadget.com
725,ewalchk4,mF7_tI~eGz,hsimisonk4@foxnews.com
726,vcarlislek5,"tK2#mx,x7eijV`x",cgoutk5@tamu.edu
727,apauleitk6,sG2</nPJR..)q,lwannek6@state.gov
728,vmoorfieldk7,yW3'|*T|bs@Za{,codowdk7@illinois.edu
729,ssheptonk8,nN5@eoxEdz!,grosternek8@pagesperso-orange.fr
730,rmalonek9,jH8+nwIW&5i,apetrouk9@latimes.com
731,jglewka,sY3_n=P|v,rgethingka@ustream.tv
732,nsallterkb,mO8"$aF$Fa?\dN18,wtregaskiskb@about.me
733,lberrekc,eQ4%a>*`Yo,diannikc@youtu.be
734,cbreedskd,tA5~ZwLI$BF,rvalenssmithkd@pbs.org
735,kwestonke,zR1%)zDiDm,rdeeslyke@elegantthemes.com
736,kreadmankf,qN6}A.8~rI,ntrangmarkf@epa.gov
737,bprebblekg,zY1)%PQKaoj6,mhansemannkg@theglobeandmail.com
738,kkinninkh,yK0'(/h2Kb,tkarbykh@baidu.com
739,ffryettki,uE7~=gLY&r)@,emountlowki@amazon.com
740,kgladbeckkj,mF9$Wkp&@Ga/Fe,syashanovkj@ycombinator.com
741,lcorbridgekk,eH3$22/0dFcMs8/,bgammettkk@odnoklassniki.ru
742,dsharplekl,hO2<Nvsu,nhetterichkl@instagram.com
743,dwarehamkm,mU1.Xf"mO,lhandmankm@oakley.com
744,ehrachoveckn,kV1@"(aPhw={,gmobleykn@dropbox.com
745,lrolseko,mB3|7Zh>8,sconachyko@dot.gov
746,lduckerskp,bD6~_ISjm`,ksuggekp@craigslist.org
747,pscorrerkq,mK6?8$|O(y,bboswellkq@oracle.com
748,itollekr,"uT1,.Gam2hQA=",cmacfadzeankr@weebly.com
749,melnerks,rN1(RpTh~T'ga"6N,lfrayneks@histats.com
750,pnowlandkt,uQ3\i$El0HZ,ekubalkt@wikipedia.org
751,chaskellku,"nH4~jW,w()3",ttapsfieldku@pcworld.com
752,bbonnetkv,uW3&XDEgvx,fcumminekv@booking.com
753,rbispkw,uK4*ArC=Y.Ri,lroekw@altervista.org
754,wbritnerkx,oQ1&nEsqiU,jshrimplingkx@indiegogo.com
755,mlewensky,eK5@lZo(X*j!4K,mmariotteky@netscape.com
756,clemonnierkz,vE1\oCa*w"YfV5wP,pgeldertkz@weather.com
757,achaffenl0,fK1+A~&K!s4"B,psmallesl0@yellowpages.com
758,jlattinl1,"bT7\,wRErqB""W!+e",aexelbyl1@shop-pro.jp
759,gsibbsl2,pP7+7Su=+4,jbroszkiewiczl2@meetup.com
760,krohanl3,hB4%&'EO@mgw~,csandwichl3@miitbeian.gov.cn
761,bclemmenl4,lI7)7>k@D,jmauldenl4@canalblog.com
762,calgorel5,uG6<BK1)",glouderl5@bloomberg.com
763,sbuistl6,"hV2,O~Yg'Fr",jgrossmanl6@sogou.com
764,adadleyl7,gZ3~w{?'y#8NinqC,rhalcrol7@soup.io
765,csherrelll8,gD4_w'5k,fdraysonl8@flickr.com
766,wlipmannl9,vV4_%0\V3byo)\/,ledinboroughl9@archive.org
767,ldangerfieldla,"eK0@_Vy{IclX,r{",jchoatla@columbia.edu
768,rmclartylb,"vR8&S,Py\K4,""F",wpavlovskylb@infoseek.co.jp
769,jharglc,pO6"J%0@pM<,mcrosierlc@ning.com
770,atinemanld,bY2=NU(`,jcrowleyld@craigslist.org
771,kleesonle,sP5=3TXSi,cmicklewiczle@rakuten.co.jp
772,pkeatchlf,tW0$uID%J<tBHYQP,ftoftlf@jugem.jp
773,mmackielg,fQ0'_q@9Fw0FP,dtootallg@qq.com
774,bcubleylh,hL2%YJ}e5U,azahorlh@hhs.gov
775,sdaborneli,mP1&'+dY}~,cstormonthli@usa.gov
776,lcromblehomelj,"dQ6?%R)b',",obateylj@amazon.de
777,cdeferrarislk,qB9+yuM~M9Q/6x/9,vvandecastelelk@reference.com
778,avellall,wC6.*`SQNc#,atillotll@posterous.com
779,howenslm,qF5?+=Cn&?<hoxnb,clecointelm@a8.net
780,lfulkesln,eE2@B#2o,agerkensln@uiuc.edu
781,icicchinellilo,eJ8.1YZDdNdY,hizkovitzlo@bluehost.com
782,acolelp,fA0"g~sNCmS3<v,gdonlonlp@storify.com
783,jmcmurraylq,uK7!RpOg9G(,jprobatelq@miitbeian.gov.cn
784,lbackmanlr,iD3_0?T6Q5/K,ldelouchlr@blogspot.com
785,vcolisbels,lC4|B1nb7,nsanperls@1und1.de
786,jtollemachelt,aF6&4{65q%.j0,bbutterylt@quantcast.com
787,tleydonlu,aX7{=3n6WKojQ+&,hnapoleonelu@simplemachines.org
788,mclaybournelv,rB9"#S3pKz59,babrahmovicilv@who.int
789,cgilardonilw,sX5~0~&m9GS3,smingaudlw@go.com
790,vlackhamlx,eY3>91"o\I,ttitcomblx@addtoany.com
791,fsilversonly,uT9(080#)&TS,cewebankly@home.pl
792,tdrinanlz,gW0_u325k,bvinterlz@cargocollective.com
793,ryushmanovm0,"bM8,%|M,QUxmDh",rodgaardm0@smugmug.com
794,gkissm1,gC4<pW&(!fffi,hstarsmorem1@shop-pro.jp
795,jprettymanm2,gD3.o3}#1\xJw,ktiernanm2@dailymotion.com
796,clanmeidm3,dG5}R!.q/Fy9dK&F,wgiblingm3@scribd.com
797,fsuttlem4,tU1|bHY\QV~mdk,bplaydenm4@thetimes.co.uk
798,fingraym5,wO2`(adY9O,rsutherlandm5@rediff.com
799,jsperem6,wZ9'HvLsu&F|,istabbinsm6@arizona.edu
800,erissonm7,lG9}ebw%M/8D,sanfossim7@biglobe.ne.jp
801,ebryettm8,eV3{=l*~8CCF(,sheskinsm8@army.mil
802,pblissittm9,wD6>Eb\V#k,relcomm9@noaa.gov
803,astillwellma,fT1()\\{3J{7_,kgomesma@oaic.gov.au
804,pdunkleemb,"lX3=hLDP0,(C$`",aperratmb@wp.com
805,bjacklingsmc,eP9!gR!m,mromainesmc@hatena.ne.jp
806,bnanglemd,pO2`d9M3A,rchisolmmd@about.com
807,tfranciscome,kY9+BhK~z,cquigme@shareasale.com
808,cskokoemf,bO6`h6tf|is|I1,ydreinanmf@dmoz.org
809,kklemensiewiczmg,mO5+>4aV,dmalekmg@huffingtonpost.com
810,mrandallmh,jZ0(o5A\`%B@PD,lantwismh@biglobe.ne.jp
811,mpfeuffermi,"aL3<.dmq4v0YZ',4",acroptonmi@unesco.org
812,vdjurdjevicmj,mL4*\Jx`Cu9c,jcupittmj@deviantart.com
813,aelsemk,hK8?<Da%x,swarboymk@networksolutions.com
814,smacrowml,"iG8*iVuV_,cv)Rv9",jmilneml@vk.com
815,jquinnellmm,rU1>BM48X5>$>(q,btippinmm@clickbank.net
816,cnastmn,dB0!1<lj%i$""zN,gscullardmn@berkeley.edu
817,kmoremo,uW9$645pbMm,tgreatbachmo@example.com
818,kbinnymp,dL3<Z`cy9,dduguidmp@csmonitor.com
819,ddanielismq,"sQ1<&V0CT,",tcoleshillmq@addthis.com
820,mlondesboroughmr,lT4+xV\s29Xj,pshearwoodmr@cargocollective.com
821,uheasleyms,hU9+n|/3?\sdBc|,lchamneyms@dagondesign.com
822,jmurriemt,xS7>6\IumC,rpolackmt@bandcamp.com
823,riwaszkiewiczmu,cU1!=+cHjb$S,ghousegomu@bloomberg.com
824,methelstonemv,yK0}"'h}3,dbeazemv@nps.gov
825,madairmw,"dS9,(82FXj7",isommerlymw@moonfruit.com
826,erheammx,kU5>}de(%,jglayshermx@linkedin.com
827,nstonhewermy,fJ4{ee74=I2DBA+,aclewleymy@jigsy.com
828,mtabbernormz,sL4*#1!{M.t)SM,ebrownfieldmz@angelfire.com
829,gdestoopn0,vA4<ZMD/YNmKKyX,nbowllern0@mapy.cz
830,mriglern1,qO5{%4.{jc5>C,mharnimann1@slashdot.org
831,cgroutn2,eR3)$nDI,swhittersn2@bigcartel.com
832,cashurstn3,uN5&dbho"U4q_,elosselyongn3@tamu.edu
833,jyurivtsevn4,fF1\x6<mu|T~s,agutridgen4@npr.org
834,oronaldsonn5,yH6*g".>%d,ahalpinen5@biglobe.ne.jp
835,yslucockn6,eQ6)PleGpS~Nw0q,csearchfieldn6@exblog.jp
836,fcaldern7,hR4"R&sVi/f@z,hosheildsn7@digg.com
837,klemingn8,xT3'Jcv#I)b!1R,rabdyn8@hhs.gov
838,dbridgelandn9,zA3{l(&`cVbQa,dkeysn9@bizjournals.com
839,skerfutna,bN3#NiEu$Hbx1,arickabyna@xrea.com
840,ahoolaghannb,hR4>0E&?5,bmccaughennb@hao123.com
841,gchristienc,xT4.F_0Jz}C6,wscaleranc@tamu.edu
842,msteanyngnd,oC9#>ugP|++,msywellnd@e-recht24.de
843,lcheesworthne,tE4**~dur#h=N"W,ahymusne@home.pl
844,fcrummeynf,bI3`6ue+Zjhzl.,sjansensnf@storify.com
845,eprangleng,iH1\oB.(M8+9d,dcollumng@blogger.com
846,ablenkharnnh,rM6<QkbP.,rboundeynh@admin.ch
847,sbernardeschini,tR2'I5>3_\,aruslinni@merriam-webster.com
848,mmacnellynj,bA8.*#R3P'kZV)G,ukleinsingernj@hatena.ne.jp
849,ralibertink,jB5}=3g`b<DG7,gbeethamnk@paypal.com
850,jcastillanl,aS2|~<Hm+D4Ve,hhazeltinenl@businesswire.com
851,kniesenm,hP2|9A|_J,dcamoysnm@paginegialle.it
852,jpuddlenn,rQ4@X"Y7"WXisP0Q,bgouldthorpenn@netvibes.com
853,bthorouggoodno,cB4/48dCLbJg?V,gbiskupekno@go.com
854,mswendellnp,lB4<6B4Gd{Ps,awestcarnp@dedecms.com
855,ceustanchnq,zI2\pgN~}i8y(,lburmannq@sourceforge.net
856,ehenfrenr,oP4\k73WIf,tkondratnr@google.co.uk
857,iattewellns,oF3}.GI=pm<8,hbyrnens@bing.com
858,jwoodwinnt,mZ0~|8pW*e%K}+,kfraneynt@yellowbook.com
859,icohanenu,nY4=@ntvY5,ielietnu@admin.ch
860,dthringnv,aE9|\q=2,wpipesnv@kickstarter.com
861,jstilgoenw,"zN4|Ni,XKM/z4l<",htruswellnw@imdb.com
862,jpointonnx,sJ5'pitm|PV,yseynx@comsenz.com
863,caspny,dK5?Fha"oiyB,bsanziony@php.net
864,lteliganz,"oT2,lE=M",bbachelliernz@huffingtonpost.com
865,sgeorgoto0,vR5~0iT>&A*,lkapelhofo0@mail.ru
866,agreevesono1,vZ4'<AS=A,hfaltskogo1@1und1.de
867,bdivinyo2,tX3'>pdg,graiseo2@tripadvisor.com
868,lrosenboimo3,oI9<1t4K8Dq1#,dfabbroo3@arizona.edu
869,lhousamano4,zY0?SG~7JHJo7v{o,bbithello4@gravatar.com
870,tshenleyo5,hE7~9{cb7Gn,dabrahamowitczo5@state.gov
871,ebalcerso6,bJ2.TI34f~Z<,wandreollio6@nba.com
872,kwilleo7,tK7{rTG}u/uEo,kcullinano7@buzzfeed.com
873,dchitsono8,bO6@nW(w(0SKXMf$,mbesto8@bloglovin.com
874,tnunnso9,fA6*izX#XY!r>J,amatscheko9@sfgate.com
875,gklicheroa,sX9_kkjiW~9ek~d,fpadelloa@jalbum.net
876,rdickenob,eO8|~+(1DTpS)+,dbuffyob@yahoo.com
877,sfoadoc,jW1+6A9b3h{Z$Y,athurnhamoc@hostgator.com
878,askyrmod,tI8==++#S{Bm,mbricketod@accuweather.com
879,mharfootoe,"jU3,$s|HhVa",adrableoe@wikipedia.org
880,ooffenerof,iL7+!QYYW3O,emuslimof@about.me
881,lstanexog,oQ7.uPz/A,gcromartyog@goo.ne.jp
882,sramardoh,vN9#s.Yg,sdebrettoh@edublogs.org
883,gdabnotoi,qH4%)J{1W,eshurmeroi@discovery.com
884,mfindenoj,hC8_9RamS,edietmaroj@intel.com
885,nreanyok,pN5#`mUN~"\GJU,tdanelsok@arstechnica.com
886,bandricol,fB6?AtZ3,vfranklinol@dmoz.org
887,syabsleyom,sG4@ar8c/rH,hgreggsom@skype.com
888,ccarresson,kM7_N9yIanr'`,jgimleton@loc.gov
889,shedauxoo,tU8/xgpp<c,hwixoo@miibeian.gov.cn
890,mgregorioop,hD4)lsG/CWNFa6x+,oebbenop@meetup.com
891,lloinsoq,dN3\{M)7u~?'7&',mlefrancoq@tumblr.com
892,aburcombeor,gR4#pdj_@+{,lpenticostor@dagondesign.com
893,rjanosos,pQ4|'yWyQ,hprioros@deviantart.com
894,vboeterot,mQ7{g)fJI/Q6Oq,scroyot@etsy.com
895,jlaiteou,jY1|/xwhsyYZ*k9c,chedauxou@fastcompany.com
896,kjewkesov,wK9/VI*U,bbergetov@adobe.com
897,jdevereuxow,nH9&M5rR9,ppryddenow@imdb.com
898,oferonox,iG6}Wddd,hfranekox@google.it
899,lschurckeoy,tE3"vMzpUS,fkarchowskioy@moonfruit.com
900,mgetcliffeoz,cC7{zjl1,bhutchasonoz@mysql.com
901,bbooip0,"aG8+,,b_.uI*=<",jdeldellop0@wired.com
902,sdankp1,tZ3!owzS,rbirkheadp1@prnewswire.com
903,fcodringtonp2,jO1|7E3c3s0M50rB,bbunnerp2@people.com.cn
904,kblandamorep3,pC9/{"!UU5sAoWx,pskymp3@ocn.ne.jp
905,mpamplingp4,qX5+>4P5P7e9eh+,tpaulsp4@census.gov
906,lfarrawayp5,gT8{xaxl2oW,kmcewanp5@harvard.edu
907,jklewip6,pL0)?xKy?1B,emeeusp6@usda.gov
908,apauleitp7,eP1/G<ART/UL,dawtyp7@weibo.com
909,kanwellp8,uL0<kfrKOWmfm@'~,tmallamp8@mac.com
910,ebickerstethp9,zL6"3n7K>pBvo/,cgammettp9@va.gov
911,gerrattpa,dJ5{DORGE,gjanningpa@webeden.co.uk
912,pgeeritspb,xA2/_pbdC,onorkettpb@hexun.com
913,agrannellpc,aQ0~72P\S4zs,pbrungerpc@is.gd
914,hgisbypd,oP6?u&.9g2,ocrinagepd@icio.us
915,iduranpe,rK4=q8%c1,jcroshawpe@ask.com
916,dnultypf,oZ7*hZTQkHOt,bwilshirepf@ifeng.com
917,spattlelpg,yL0?jd#|3}vI,csheircliffepg@washington.edu
918,bfraniakph,"bR8"",(8*BC",dmethringhamph@sakura.ne.jp
919,acurzonpi,vZ4>T5mZC,mvanderhoogpi@shareasale.com
920,ljadczakpj,xA8<w=acTY),ameechpj@tumblr.com
921,sparmbypk,sH7(UDM?i%,dwaycotpk@ycombinator.com
922,pmcgrathpl,kO2'8i5|{*pst*y,vbleesingpl@skype.com
923,kcrosgrovepm,xP6|.B.D,tchesepm@cbsnews.com
924,cgettenpn,fG3~kiT=dP,rnanettipn@jimdo.com
925,swalmsleypo,dR2.BH@KEtc,cmilliganpo@gizmodo.com
926,ntrembleypp,fY9+V_UZ#,rpackmanpp@icq.com
927,stopperpq,uG3"|<cC>Cqa,mnarypq@ox.ac.uk
928,atobinpr,rS0"R{pvs'=Gl,bglasspr@admin.ch
929,wtorettaps,yL2/??.wbR$k~!FR,psmalleyps@istockphoto.com
930,jyoslowitzpt,uA1>BL*j\~x0L,wglaisnerpt@mlb.com
931,hismailpu,qJ6%5P5z\rc7,efrentzpu@redcross.org
932,vkingsleypv,gD5#zlg3tm>'<,gsunnuckspv@is.gd
933,gsymingtonpw,"aK7<R=,cM\k=f*_",bdayleypw@delicious.com
934,uduffynpx,xN7<zJ_oq0B_T=iw,bcumopx@dion.ne.jp
935,kpeelepy,"cK6|,W|XWzt!""vj",mtimbrellpy@google.com.au
936,mmallingpz,iL6/xR43,gpenberthypz@prlog.org
937,aayrsq0,lK2_|VY|w,tlopezq0@bbb.org
938,nskeemorq1,nI8}K<Ehb1.Y,qvogtq1@washington.edu
939,jdurtnelq2,dP6)*6V.a2EV,lrahlq2@auda.org.au
940,xhowlandq3,zV5%z|bPk,krumbleq3@army.mil
941,shiomq4,"yS0,QY>QO",jfilesq4@blogtalkradio.com
942,fbyforthq5,vG2{S<RE\KoE4u,bpigginq5@bravesites.com
943,sproctorq6,fN5)qBbTUK,pbestwallq6@microsoft.com
944,tmeltetalq7,uN1\h6ie/sVbe),tantonikovq7@bluehost.com
945,rsnazelq8,"kA7},Q@\)",akeetsq8@earthlink.net
946,dlapwoodq9,lF5<ntr\jRUl@V,aceaserq9@topsy.com
947,cupwoodqa,vZ8`puU~!7L#@,wkopmannqa@cpanel.net
948,yquilliganqb,pI4`iA*+oZuxo,cgerckenqb@shutterfly.com
949,klodewickqc,lF7~xu/=,bleileqc@chronoengine.com
950,lalbrechtqd,dX1*x&m#GmF)),gfessierqd@acquirethisname.com
951,iproschekqe,rA1|~Qu\i.iM!,luridgeqe@tmall.com
952,dbottrillqf,"uZ5$(D3@f,%d",abischoffqf@purevolume.com
953,tszymanzykqg,eA7&XD}4ye,respinolaqg@tumblr.com
954,sjanewayqh,"fK2<\Tql,Xc}6",bpinchinqh@cocolog-nifty.com
955,atooveyqi,vB2!\VAM,nbeekqi@buzzfeed.com
956,rlowingqj,"sH6'XO,\@f/",vbatieqj@paginegialle.it
957,prowlerqk,mI6"7GncRY/,gmanstonqk@edublogs.org
958,bkingslyql,mP1/GP>cbDS=DAYO,cslocketql@china.com.cn
959,cdelloydqm,iE6<%yIkR'_*haZA,sporcherqm@si.edu
960,klittlewoodqn,rL8)?w%%I,rgraysmarkqn@paypal.com
961,plobeqo,jD3/RAbw".5RY?0_,fjohnseeqo@mail.ru
962,awaddieqp,lP6+"?`NNE3V_1g,kwalkingshawqp@berkeley.edu
963,sbisikerqq,uF1#QX2'JB,aclemotqq@bbc.co.uk
964,dbowdenqr,"aI3"",A5!hj7",voldacreqr@people.com.cn
965,bwhillockqs,lI6'oxzqx#Kh4{sr,nrummingqs@ihg.com
966,bpieqt,jR0%<nKjS,smaffettiqt@yellowbook.com
967,kromagnosiqu,nX4_>}*oNAT*,sstevaniqu@bbb.org
968,arubraqv,"wP6""'<,ddE""'*%n",ghannafordqv@ycombinator.com
969,skiltieqw,qB1#!Wm*,fsheppeyqw@smh.com.au
970,jfickqx,oC3`N|NK@{DdEKli,ykraftqx@ft.com
971,kpeltzqy,nX3`Uc<&\UD,odashkovichqy@pinterest.com
972,ajacobsonqz,mZ4%wV.*nE,hbownesqz@huffingtonpost.com
973,srouchr0,xH9&|g/@|q$$HF,bdowglassr0@theatlantic.com
974,smccaughanr1,sR9$>(Jf*p7,gellerbeckr1@foxnews.com
975,rrambler2,yA1&=A.##|Ia0MD,dcallr2@bluehost.com
976,fakesterr3,dC5{rTXCFJv,jtaylourr3@msn.com
977,sgaukrogerr4,zQ8<TnY8u6zb,mgiraldezr4@dion.ne.jp
978,gmccollr5,vS8_Lq#*,vfrickeyr5@biglobe.ne.jp
979,gcolcloughr6,xF2!b!gh<~!R,bwiddopr6@si.edu
980,bkleinsteinr7,"eK5,s.dw>nvSyC8v",jvickeryr7@fda.gov
981,akilfedderr8,pN1@ab}PAEau?,gbraffingtonr8@vistaprint.com
982,adeanesyr9,oX3`L?7!,lcyphusr9@state.tx.us
983,esellersra,"kY4$czoLp,r""~&",gklimczakra@slate.com
984,rdesortsrb,cJ7$w8fCu,lrevansrb@skyrock.com
985,mspondleyrc,zV8=Qz*1J,vsimionescurc@nifty.com
986,kmaynardrd,sC3$nMj1,dcrumbyrd@spotify.com
987,rlikelyre,eR5)tXK{,trolfre@nps.gov
988,sgiuriorf,lR5|U7&!`qNl7E%m,jtortoishellrf@pbs.org
989,bschollickrg,yO4&bzZbxSY(,lgiggsrg@pbs.org
990,rgoulleerh,sS4@+#y9zlT@!|aB,tszymaniakrh@craigslist.org
991,fbuswellri,mS4/Aj%6,hgreaterexri@so-net.ne.jp
992,jclearleyrj,"vA9,edjHrZ",rromanrj@nasa.gov
993,iphipprk,qT8!l2mBnCck,pduleyrk@4shared.com
994,fchristensenrl,lQ9"r"?hR`'a'KF,fallcoatrl@si.edu
995,anapolitanorm,cS6#WpMv(jw8,imandrakerm@vinaora.com
996,ddismanrn,bF7`157PEo,zgowriern@npr.org
997,renticknapro,eB5=Y{Qy5phZ%,swickmannro@google.com.au
998,cabramsonrp,cB3+W5f<P<{G8yS,dkeefferp@sohu.com
999,mbeakerq,mD9|Zs7.Ys,ksnedkerrq@biblegateway.com
1000,aticksallrr,rC2_DAI\ng)oG/1,bdegogayrr@cnet.com
